001	327	30898.46	3665.32	36072.89	94.49	11.21	1.82	60.61
002	25	1228.64	83.68	1450.35	49.15	3.35	11.53	5.03
003	1364	48717.17	151.23	53627.58	35.72	0.11	9.36	4.20
004	44820	947147.20	44018.93	1249437.44	21.13	0.98	3.18	8.76
005	4	108.52	0.00	115.02	27.13	0.00	5.92	4.85
006	262	5728.83	56.85	9304.80	21.87	0.22	6.47	5.49
007	25691	708044.90	12921.23	853446.83	27.56	0.50	5.19	6.41
008	98	4271.73	519.67	5458.00	43.59	5.30	5.41	10.30
009	477	15308.19	188.17	17786.01	32.09	0.39	7.78	4.80
010	5562	281135.22	25613.48	336073.60	50.55	4.61	10.12	5.97
011	952	32987.97	110.02	35122.76	34.65	0.12	8.36	4.41
012	1951	52952.06	6287.74	70691.27	27.14	3.22	4.47	8.10
013	61617	1570826.49	198424.96	2163858.24	25.49	3.22	4.31	8.15
014	5475	194283.23	1699.09	219005.10	35.49	0.31	8.37	4.78
015	490	17316.91	159.42	20725.05	35.34	0.33	8.95	4.72
016	940	33570.01	343.27	38703.17	35.71	0.37	8.82	4.67
017	12019	372709.37	4792.50	422479.46	31.01	0.40	5.26	6.69
018	2872	101968.37	191.09	111600.35	35.50	0.07	8.65	4.49
019	1138	45255.94	492.71	51247.05	39.77	0.43	10.05	4.48
020	1407	48019.42	277.97	53286.08	34.13	0.20	8.02	4.72
021	1871	60958.36	177.99	65374.99	32.58	0.10	7.52	4.65
022	2430	77029.77	158.04	82620.97	31.70	0.07	7.10	4.79
023	98	5121.07	37.97	6018.08	52.26	0.39	10.14	6.05
024	32224	618735.40	59052.77	819563.04	19.20	1.83	3.07	8.27
025	12672	400052.83	10774.55	463519.61	31.57	0.85	5.48	6.67
026	3615	101895.25	280.95	110712.33	28.19	0.08	5.31	5.76
027	35	1995.72	12.48	2281.80	57.02	0.36	13.96	4.67
028	3343	124760.19	4247.60	144365.98	37.32	1.27	7.34	5.88
029	1995	73185.01	162.11	78036.57	36.68	0.08	9.20	4.25
030	59	1840.41	20.00	2102.41	31.19	0.34	6.36	5.61
031	293	11374.36	345.47	13199.43	38.82	1.18	8.86	5.08
032	1995	71767.37	101.95	78691.94	35.97	0.05	9.12	4.32
033	13412	437978.70	14985.00	516010.96	32.66	1.12	5.49	7.01
034	1980	79434.34	2085.37	92787.68	40.12	1.05	5.41	8.67
035	8914	266655.06	126.06	288799.22	29.91	0.01	6.32	5.12
036	11379	362200.05	4408.26	423208.19	31.83	0.39	5.28	7.05
037	19462	635416.11	6550.54	735707.71	32.65	0.34	5.42	6.98
038	1253	55961.72	322.86	62212.54	44.66	0.26	12.06	4.12
039	10367	333142.60	717.88	360358.64	32.13	0.07	6.74	5.16
040	4218	132814.61	4027.37	163732.62	31.49	0.95	5.30	7.33
041	52157	1172866.69	43281.02	1425975.93	22.49	0.83	3.79	7.22
042	39440	1039752.37	12637.51	1203504.04	26.36	0.32	5.00	6.11
043	119758	1883672.52	349808.93	2863701.86	15.73	2.92	2.15	11.14
044	4	141.15	0.00	146.15	35.29	0.00	9.23	3.96
045	23558	574021.75	39729.71	751005.27	24.37	1.69	3.97	8.03
046	191	8483.35	42.36	9544.10	44.42	0.22	12.43	4.02
047	2503	81821.49	76.95	89799.89	32.69	0.03	7.65	4.69
048	233509	4099059.76	571484.32	6056504.11	17.55	2.45	2.59	10.00
049	11062	350670.60	5719.36	403124.57	31.70	0.52	5.38	6.77
050	68586	1327247.52	113823.67	1840228.59	19.35	1.66	2.86	9.39
051	4456	177706.50	167.95	194723.09	39.88	0.04	11.07	3.95
052	3904	121173.30	5456.92	147175.92	31.04	1.40	5.07	7.43
053	1112	36346.53	1043.01	43100.38	32.69	0.94	7.43	5.21
054	1136	37378.11	836.18	45759.71	32.90	0.74	5.46	7.38
055	4660	185683.96	338.28	196269.98	39.85	0.07	10.57	3.98
056	3304	108283.57	2055.51	125592.17	32.77	0.62	6.91	5.50
057	172	5043.14	43.80	5719.78	29.32	0.25	6.06	5.49
058	226	8939.01	98.30	10187.73	39.55	0.43	10.42	4.32
059	100	3370.21	2.00	3783.64	33.70	0.02	7.79	4.86
060	2083	67603.40	75.22	75235.61	32.45	0.04	7.83	4.61
061	20607	652157.42	6212.76	726264.22	31.65	0.30	5.63	6.26
062	6050	187272.35	1973.15	207690.66	30.95	0.33	5.51	6.23
063	4478	139544.91	296.79	153097.19	31.16	0.07	6.12	5.59
064	460	16737.87	308.90	19193.37	36.39	0.67	8.73	4.78
065	12394	389248.86	14756.14	457866.20	31.41	1.19	5.43	6.80
066	11552	363756.73	12016.42	432786.04	31.49	1.04	5.12	7.32
067	1285	42521.32	363.81	47825.07	33.09	0.28	6.89	5.40
068	259903	4958104.35	734604.95	7265021.91	19.08	2.83	2.58	10.85
069	5176	160013.59	444.08	175101.67	30.91	0.09	6.57	5.15
070	21053	911553.98	176550.56	1378895.25	43.30	8.39	9.17	7.14
071	7050	217944.05	576.55	237300.13	30.91	0.08	5.97	5.64
072	7937	236042.62	356.29	256660.41	29.74	0.04	5.64	5.74
073	445	13732.62	57.12	15894.70	30.86	0.13	7.03	5.08
074	44981	1039455.76	32492.53	1254880.18	23.11	0.72	4.21	6.63
075	87089	1744334.41	126101.72	2254188.98	20.03	1.45	3.40	7.62
076	16565	510290.75	1086.52	557723.79	30.81	0.07	6.74	4.99
077	4354	137852.68	326.91	150477.57	31.66	0.08	6.96	4.96
078	3310	111428.04	1143.95	124114.96	33.66	0.35	8.20	4.57
079	286813	5253198.61	562869.33	7496084.45	18.32	1.96	2.52	10.39
080	16016	501168.80	10970.42	592438.68	31.29	0.68	5.00	7.40
081	2223	82513.40	121.59	90273.79	37.12	0.05	9.90	4.10
082	7874	220148.42	4393.05	255122.43	27.96	0.56	5.14	6.30
083	2884	89571.23	3831.47	105762.29	31.06	1.33	4.90	7.49
084	10	535.03	0.00	610.98	53.50	0.00	11.62	5.26
085	4758	151165.46	887.72	167751.28	31.77	0.19	6.09	5.79
086	3387	163348.28	179.86	172448.21	48.23	0.05	13.95	3.65
087	67487	1725320.18	150072.72	2289820.91	25.57	2.22	4.31	7.87
088	34815	951348.43	86535.39	1256091.31	27.33	2.49	4.74	7.62
089	12008	389241.58	2705.63	438696.70	32.42	0.23	6.56	5.57
090	159325	2666549.95	375862.22	3979670.61	16.74	2.36	2.23	11.22
091	7443	229432.86	631.65	248462.59	30.83	0.08	6.45	5.17
092	3773	119481.91	943.23	138267.52	31.67	0.25	7.40	4.95
093	1442	88414.11	10506.79	107953.40	61.31	7.29	8.18	9.16
094	1416	47799.22	32.74	52325.62	33.76	0.02	8.15	4.53
095	7102	221527.75	3242.36	258200.32	31.19	0.46	6.42	5.66
096	219	7827.42	116.63	8726.50	35.74	0.53	6.39	6.24
097	15775	492664.15	12546.75	567696.33	31.23	0.80	5.28	6.82
098	733	25479.92	310.92	28734.31	34.76	0.42	8.17	4.80
099	5	210.28	0.00	232.20	42.06	0.00	5.33	8.71
100	132028	2401147.05	356342.20	3560966.69	18.19	2.70	2.48	10.87
101	824	32551.80	126.78	37130.72	39.50	0.15	10.94	4.12
102	1940	57409.40	495.85	64964.09	29.59	0.26	5.18	6.46
105	2	83.70	20.14	120.84	41.85	10.07	10.47	5.77
106	3209	101854.97	1630.33	120182.63	31.74	0.51	5.63	6.65
107	201039	3388278.11	466043.37	5033095.65	16.85	2.32	2.32	10.78
108	1624	59031.73	132.34	62387.31	36.35	0.08	8.74	4.40
109	38	1862.47	24.30	2310.25	49.01	0.64	9.46	6.42
111	26	865.80	9.50	989.43	33.30	0.37	5.25	7.25
112	16986	498567.81	10403.46	610970.04	29.35	0.61	4.58	7.86
113	146486	2515551.54	356300.12	3727015.11	17.17	2.43	2.17	11.74
114	153152	2792990.01	352899.86	4046709.55	18.24	2.30	2.37	11.17
115	114	5402.89	43.87	6684.39	47.39	0.38	9.63	6.09
116	23816	647051.70	14668.87	767255.43	27.17	0.62	5.22	6.18
117	3272	150811.88	110.58	159193.52	46.09	0.03	12.70	3.83
118	71	3221.31	65.96	4053.35	45.37	0.93	9.62	5.93
119	2948	95076.97	450.49	104963.49	32.25	0.15	6.91	5.15
120	264	8790.87	121.23	9907.14	33.30	0.46	6.20	6.05
121	2309	78531.75	494.73	89470.22	34.01	0.21	8.15	4.76
122	1483	54335.59	92.67	60900.40	36.64	0.06	9.01	4.56
123	2582	75978.17	192.45	81534.61	29.43	0.07	6.27	5.04
124	1784	66218.26	1551.18	74697.08	37.12	0.87	7.78	5.38
125	48962	968222.84	124916.61	1385879.95	19.77	2.55	2.74	10.32
126	2285	70192.58	251.22	78886.22	30.72	0.11	6.67	5.17
127	5393	169718.13	1758.63	192477.92	31.47	0.33	7.00	5.10
128	525	19354.12	260.07	22301.58	36.86	0.50	8.79	4.83
129	12973	412262.86	21950.17	496722.94	31.78	1.69	4.98	7.68
130	10742	348504.95	7411.36	397597.02	32.44	0.69	7.18	5.15
131	2057	73369.62	316.84	83527.16	35.67	0.15	8.35	4.86
132	405577	25062436.24	3733774.83	32399670.15	61.79	9.21	15.13	5.28
133	2942	98655.27	906.71	115193.63	33.53	0.31	6.62	5.91
134	2703	109773.44	6159.41	126270.47	40.61	2.28	6.33	7.37
135	1749	56845.93	413.73	65191.60	32.50	0.24	7.40	5.04
136	2057	70386.61	194.40	76714.66	34.22	0.09	8.22	4.54
137	132632	2340680.69	245027.95	3359424.03	17.65	1.85	2.75	9.22
138	247881	11028865.19	2365000.95	17322967.97	44.49	9.54	9.59	7.29
139	1699	69687.36	130.79	76949.57	41.02	0.08	11.42	3.97
140	215395	3739249.22	530450.87	5419207.43	17.36	2.46	2.64	9.52
141	239831	3600600.93	545487.28	5415302.86	15.01	2.27	2.11	10.72
142	301997	4674648.06	810080.74	7130036.19	15.48	2.68	2.20	10.71
143	124585	2145545.86	257835.62	3076245.96	17.22	2.07	2.40	10.29
144	112461	2244604.18	241746.98	3151786.04	19.96	2.15	2.60	10.79
145	22035	691268.39	31929.25	849381.09	31.37	1.45	5.10	7.56
146	11313	290797.29	12037.23	355046.86	25.70	1.06	4.25	7.38
147	1784	58240.97	45.45	65196.92	32.65	0.03	7.22	5.07
148	136742	2957146.85	263641.68	4034258.50	21.63	1.93	3.11	9.50
149	1800	52496.27	215.69	56772.24	29.16	0.12	6.18	5.10
150	1011	35716.55	118.41	38016.82	35.33	0.12	8.47	4.44
151	86422	1509555.91	174503.19	2063230.43	17.47	2.02	2.72	8.77
152	14373	357710.45	9711.53	428323.18	24.89	0.68	4.50	6.62
153	697	22086.77	114.25	24211.32	31.69	0.16	7.32	4.75
154	166	6305.56	268.89	7185.88	37.99	1.62	7.96	5.44
155	3310	101936.44	389.71	110293.85	30.80	0.12	6.21	5.36
156	33	1704.61	0.00	2051.73	51.65	0.00	12.07	5.15
157	4602	173565.67	8529.71	206366.37	37.72	1.85	5.39	8.33
158	96150	1956389.41	219987.89	2760446.69	20.35	2.29	2.59	11.07
159	4752	136461.34	438.87	153385.69	28.72	0.09	5.96	5.42
160	1992	64229.20	1486.27	75261.90	32.24	0.75	5.73	6.60
161	426203	7718487.88	1296039.44	11655303.73	18.11	3.04	2.29	11.93
162	315246	5349198.86	960796.50	8222422.36	16.97	3.05	2.25	11.62
163	251241	4314194.33	753844.40	6584706.72	17.17	3.00	2.32	11.32
164	203661	3661724.72	525262.57	5449754.28	17.98	2.58	2.40	11.13
165	3432	101743.56	417.47	111082.42	29.65	0.12	6.05	5.35
166	65849	1415662.62	113571.27	1820261.67	21.50	1.72	3.47	7.98
167	3649	112495.91	251.41	124887.79	30.83	0.07	6.66	5.14
168	8281	243160.08	1745.19	277979.79	29.36	0.21	5.96	5.63
169	3085	95603.12	167.70	105222.69	30.99	0.05	6.89	4.95
170	268157	4630112.46	704579.66	6939192.32	17.27	2.63	2.37	10.94
171	984	30642.97	173.92	35530.56	31.14	0.18	7.55	4.78
172	87	3583.23	105.72	4250.80	41.19	1.22	7.23	6.76
173	1928	52282.98	354.34	60159.06	27.12	0.18	5.33	5.86
174	2652	95899.12	175.64	106391.98	36.16	0.07	9.30	4.31
175	619	22390.88	224.68	25966.46	36.17	0.36	9.32	4.50
176	47	1756.75	115.66	2320.05	37.38	2.46	7.71	6.40
177	8347	274557.81	542.45	301227.80	32.89	0.06	6.32	5.71
178	948	29565.24	94.77	32095.29	31.19	0.10	5.73	5.91
179	9543	280979.26	4689.17	339157.81	29.44	0.49	5.46	6.51
180	1504	46722.39	830.59	53093.17	31.07	0.55	6.25	5.65
181	13077	427247.99	10168.92	498143.63	32.67	0.78	5.62	6.77
182	3932	140195.12	841.34	156500.18	35.65	0.21	8.87	4.49
183	903	32228.13	205.57	36095.70	35.69	0.23	9.47	4.22
184	97	3949.65	46.45	4319.46	40.72	0.48	10.52	4.23
185	1951	68820.36	186.48	76663.53	35.27	0.10	8.82	4.46
186	316687	5529290.69	983028.85	8338171.06	17.46	3.10	2.30	11.47
187	23	874.12	12.74	1091.56	38.01	0.55	7.26	6.54
188	12693	395069.02	2929.94	438181.92	31.12	0.23	5.73	6.03
189	5413	181631.79	4495.21	209241.16	33.55	0.83	5.51	7.02
190	845	26917.42	703.87	31196.08	31.85	0.83	5.35	6.90
191	3157	120728.34	296.71	135165.53	38.24	0.09	10.00	4.28
192	941	29642.24	322.37	33965.63	31.50	0.34	7.14	5.06
193	5955	163779.19	3537.75	196826.03	27.50	0.59	4.83	6.84
194	432	20353.97	2035.82	25720.86	47.12	4.71	6.11	9.75
195	3793	149096.28	5981.51	176869.80	39.31	1.58	7.58	6.15
196	3076	103027.82	2734.17	119952.94	33.49	0.89	6.32	6.17
197	6651	244511.61	9061.25	278764.52	36.76	1.36	6.32	6.63
198	5916	178104.39	2065.63	205783.47	30.11	0.35	4.85	7.17
199	6	314.30	62.42	431.10	52.38	10.40	10.00	7.19
200	1460	57176.46	574.50	65870.18	39.16	0.39	9.54	4.73
201	816	38462.41	156.61	41137.07	47.14	0.19	12.59	4.00
202	1792	60401.66	1461.51	69690.56	33.71	0.82	6.35	6.13
203	1514	66187.78	1192.32	74719.55	43.72	0.79	12.16	4.06
204	4	96.50	2.50	245.65	24.12	0.62	12.92	4.75
205	4165	158663.21	235.17	175656.46	38.09	0.06	9.94	4.24
206	45	2107.66	13.65	2663.49	46.84	0.30	10.76	5.50
207	368	19938.18	2827.83	24608.94	54.18	7.68	5.81	11.50
208	1950	69626.20	606.85	78846.68	35.71	0.31	8.57	4.72
209	20501	511474.52	41262.26	675060.05	24.95	2.01	4.31	7.64
210	3102	109788.67	188.92	116331.00	35.39	0.06	8.35	4.49
211	80850	1599305.34	188782.86	2268814.33	19.78	2.33	2.49	11.25
212	2459	77928.12	106.15	87964.93	31.69	0.04	7.24	4.94
213	4775	156478.46	441.08	173893.02	32.77	0.09	7.99	4.56
214	184	4995.78	70.31	7331.09	27.15	0.38	6.64	6.00
215	4395	170753.53	7222.99	197791.04	38.85	1.64	8.77	5.13
216	8797	431419.58	39189.21	499786.40	49.04	4.45	5.52	10.30
217	2356	68995.12	687.66	77430.38	29.28	0.29	4.89	6.72
218	3174	117572.47	212.46	131032.74	37.04	0.07	10.09	4.09
219	2690	142555.42	10236.58	165746.43	52.99	3.81	11.26	5.47
220	2617	89815.32	824.63	101906.13	34.32	0.32	8.02	4.86
221	188	6940.48	151.07	9219.09	36.92	0.80	8.17	6.00
222	3425	118788.78	164.28	127113.26	34.68	0.05	8.40	4.42
223	8454	285623.83	15616.27	355760.25	33.79	1.85	5.79	7.27
224	26427	534225.52	28679.15	721000.69	20.22	1.09	2.90	9.41
225	13692	452699.19	4118.39	509095.07	33.06	0.30	5.63	6.61
226	19984	656039.72	38058.02	791130.06	32.83	1.90	5.13	7.71
227	2387	73932.58	344.00	82208.39	30.97	0.14	6.41	5.37
228	5469	187061.60	2072.11	214732.51	34.20	0.38	6.83	5.75
229	166628	2698733.19	418330.07	4074497.66	16.20	2.51	2.19	11.17
230	297306	6059460.30	938556.93	8924065.32	20.38	3.16	2.85	10.52
231	139690	3016194.01	350425.04	4201948.81	21.59	2.51	3.28	9.16
232	32487	798485.83	28634.63	1009953.58	24.58	0.88	4.01	7.76
233	108198	1976364.83	260424.80	2897415.66	18.27	2.41	2.63	10.17
234	273350	4623929.03	689373.69	6944560.27	16.92	2.52	2.15	11.82
235	3810	124362.08	164.74	135679.56	32.64	0.04	7.67	4.64
236	427054	6325023.45	1103861.11	9636658.38	14.81	2.58	2.00	11.27
237	457903	6384811.85	1195742.12	10011137.58	13.94	2.61	1.80	12.12
238	200710	3281893.30	465141.38	4759246.99	16.35	2.32	2.43	9.77
239	271725	4304908.49	680316.31	6424953.15	15.84	2.50	2.26	10.48
240	436	16620.85	56.86	18156.32	38.12	0.13	9.75	4.27
241	2802	97615.60	221.92	107489.98	34.84	0.08	8.44	4.54
242	2494	83776.44	293.20	93802.51	33.59	0.12	8.20	4.59
243	11694	373583.92	4744.74	434690.63	31.95	0.41	6.95	5.35
244	26969	796202.01	17110.82	937553.95	29.52	0.63	6.12	5.68
245	25	1260.84	3.28	1519.85	50.43	0.13	12.94	4.70
246	184786	3548465.54	467783.30	5139489.05	19.20	2.53	2.50	11.12
247	4638	138063.51	682.81	154875.26	29.77	0.15	5.96	5.60
248	2533	84820.77	489.06	95024.57	33.49	0.19	7.49	5.01
249	231110	4137234.91	534468.26	6028754.03	17.90	2.31	2.30	11.33
250	2438	78849.77	184.95	88880.12	32.34	0.08	7.71	4.73
251	62	3168.72	46.30	4068.41	51.11	0.75	11.10	5.91
252	937	32635.65	482.27	38211.18	34.83	0.51	8.02	5.08
253	49	1953.26	69.78	2281.93	39.86	1.42	7.61	6.12
254	4181	154118.05	255.54	169535.59	36.86	0.06	9.82	4.13
255	25480	778265.88	17407.13	930751.10	30.54	0.68	4.45	8.22
256	18963	585570.72	13739.04	690835.85	30.88	0.72	4.57	7.97
257	1828	63832.32	928.70	76518.62	34.92	0.51	6.88	6.09
258	3365	107466.95	293.39	121283.25	31.94	0.09	6.60	5.46
259	2387	94686.78	200.36	103433.57	39.67	0.08	10.71	4.05
260	7543	216311.73	9772.67	258331.26	28.68	1.30	4.72	7.26
261	42087	1082689.28	128007.20	1473764.42	25.73	3.04	4.28	8.18
262	152280	2622939.95	340151.68	3780002.59	17.22	2.23	2.64	9.39
263	204337	3246579.90	440569.33	4774522.92	15.89	2.16	2.43	9.62
264	11711	249466.13	46985.18	366442.09	21.30	4.01	3.80	8.22
265	2020	152640.98	15379.74	177993.02	75.56	7.61	7.97	11.05
